{
  "Bacillus anthracis (Mock)": {
    "4": {
      "ATAT": 0.056129985228951254,
      "ATGC": 0.22156573116691286,
      "CATG": 0.22008862629246675,
      "CTAT": 0.0014771048744460858,
      "GCAT": 0.22008862629246675,
      "GCTA": 0.0014771048744460858,
      "TATA": 0.05760709010339734,
      "TGCA": 0.22008862629246675,
      "TGCT": 0.0014771048744460858
    },
    "5": {
      "ATATA": 0.05621301775147929,
      "ATGCA": 0.22041420118343194,
      "ATGCT": 0.0014792899408284023,
      "CATGC": 0.22041420118343194,
      "CTATA": 0.0014792899408284023,
      "GCATG": 0.22041420118343194,
      "GCTAT": 0.0014792899408284023,
      "TATAT": 0.05621301775147929,
      "TGCAT": 0.22041420118343194,
      "TGCTA": 0.0014792899408284023
    },
    "6": {
      "ATATAT": 0.054814814814814816,
      "ATGCAT": 0.22074074074074074,
      "ATGCTA": 0.0014814814814814814,
      "CATGCA": 0.21925925925925926,
      "CATGCT": 0.0014814814814814814,
      "CTATAT": 0.0014814814814814814,
      "GCATGC": 0.22074074074074074,
      "GCTATA": 0.0014814814814814814,
      "TATATA": 0.056296296296296296,
      "TGCATG": 0.22074074074074074,
      "TGCTAT": 0.0014814814814814814
    }
  },
  "Variola virus (Mock)": {
    "4": {
      "ATCG": 0.039832285115303984,
      "CGAT": 0.039832285115303984,
      "CGCG": 0.4171907756813417,
      "CGGA": 0.0020964360587002098,
      "GATC": 0.041928721174004195,
      "GCGC": 0.41509433962264153,
      "GCGG": 0.0020964360587002098,
      "GGAT": 0.0020964360587002098,
      "TCGA": 0.039832285115303984
    },
    "5": {
      "ATCGA": 0.03991596638655462,
      "CGATC": 0.03991596638655462,
      "CGCGC": 0.41596638655462187,
      "CGCGG": 0.0021008403361344537,
      "CGGAT": 0.0021008403361344537,
      "GATCG": 0.03991596638655462,
      "GCGCG": 0.41596638655462187,
      "GCGGA": 0.0021008403361344537,
      "GGATC": 0.0021008403361344537,
      "TCGAT": 0.03991596638655462
    },
    "6": {
      "ATCGAT": 0.04,
      "CGATCG": 0.037894736842105266,
      "CGCGCG": 0.4168421052631579,
      "CGCGGA": 0.002105263157894737,
      "CGGATC": 0.002105263157894737,
      "GATCGA": 0.04,
      "GCGCGC": 0.4147368421052632,
      "GCGCGG": 0.002105263157894737,
      "GCGGAT": 0.002105263157894737,
      "GGATCG": 0.002105263157894737,
      "TCGATC": 0.04
    }
  }
}